{
  "images" : [
    {
      "idiom" : "mac",
      "scale" : "2x",
      "size" : "16x16"
    },
    {
      "size" : "16x16",
      "idiom" : "mac",
      "filename" : "appIcons16x16.png",
      "scale" : "1x"
    },
    {
      "size" : "32x32",
      "idiom" : "mac",
      "filename" : "appIcons32x32.png",
      "scale" : "1x"
    },
    {
      "idiom" : "mac",
      "scale" : "2x",
      "size" : "32x32"
    },
    {
      "size" : "128x128",
      "idiom" : "mac",
      "filename" : "appIcons128x128.png",
      "scale" : "1x"
    },
    {
      "idiom" : "mac",
      "scale" : "2x",
      "size" : "128x128"
    },
    {
      "size" : "256x256",
      "idiom" : "mac",
      "filename" : "appIcons256x256.png",
      "scale" : "1x"
    },
    {
      "idiom" : "mac",
      "scale" : "2x",
      "size" : "256x256"
    },
    {
      "size" : "512x512",
      "idiom" : "mac",
      "filename" : "appIcons512x512.png",
      "scale" : "1x"
    },
    {
      "size" : "512x512",
      "idiom" : "mac",
      "filename" : "appIcons512x512@2x.png",
      "scale" : "2x"
    }
  ],
  "info" : {
    "version" : 1,
    "author" : "xcode"
  }
}